{
  "total_count": 107559,
  "incomplete_results": false,
  "items": [
    {
      "login": "tom",
      "id": 748,
      "node_id": "MDQ6VXNlcjc0OA==",
      "avatar_url": "https://avatars1.githubusercontent.com/u/748?v=4",
      "gravatar_id": "",
      "url": "https://api.github.com/users/tom",
      "html_url": "https://github.com/tom",
      "followers_url": "https://api.github.com/users/tom/followers",
      "following_url": "https://api.github.com/users/tom/following{/other_user}",
      "gists_url": "https://api.github.com/users/tom/gists{/gist_id}",
      "starred_url": "https://api.github.com/users/tom/starred{/owner}{/repo}",
      "subscriptions_url": "https://api.github.com/users/tom/subscriptions",
      "organizations_url": "https://api.github.com/users/tom/orgs",
      "repos_url": "https://api.github.com/users/tom/repos",
      "events_url": "https://api.github.com/users/tom/events{/privacy}",
      "received_events_url": "https://api.github.com/users/tom/received_events",
      "type": "User",
      "site_admin": false,
      "score": 1.0
    },
    {
      "login": "mojombo",
      "id": 1,
      "node_id": "MDQ6VXNlcjE=",
      "avatar_url": "https://avatars0.githubusercontent.com/u/1?v=4",
      "gravatar_id": "",
      "url": "https://api.github.com/users/mojombo",
      "html_url": "https://github.com/mojombo",
      "followers_url": "https://api.github.com/users/mojombo/followers",
      "following_url": "https://api.github.com/users/mojombo/following{/other_user}",
      "gists_url": "https://api.github.com/users/mojombo/gists{/gist_id}",
      "starred_url": "https://api.github.com/users/mojombo/starred{/owner}{/repo}",
      "subscriptions_url": "https://api.github.com/users/mojombo/subscriptions",
      "organizations_url": "https://api.github.com/users/mojombo/orgs",
      "repos_url": "https://api.github.com/users/mojombo/repos",
      "events_url": "https://api.github.com/users/mojombo/events{/privacy}",
      "received_events_url": "https://api.github.com/users/mojombo/received_events",
      "type": "User",
      "site_admin": false,
      "score": 1.0
    },
    {
      "login": "tmcw",
      "id": 32314,
      "node_id": "MDQ6VXNlcjMyMzE0",
      "avatar_url": "https://avatars2.githubusercontent.com/u/32314?v=4",
      "gravatar_id": "",
      "url": "https://api.github.com/users/tmcw",
      "html_url": "https://github.com/tmcw",
      "followers_url": "https://api.github.com/users/tmcw/followers",
      "following_url": "https://api.github.com/users/tmcw/following{/other_user}",
      "gists_url": "https://api.github.com/users/tmcw/gists{/gist_id}",
      "starred_url": "https://api.github.com/users/tmcw/starred{/owner}{/repo}",
      "subscriptions_url": "https://api.github.com/users/tmcw/subscriptions",
      "organizations_url": "https://api.github.com/users/tmcw/orgs",
      "repos_url": "https://api.github.com/users/tmcw/repos",
      "events_url": "https://api.github.com/users/tmcw/events{/privacy}",
      "received_events_url": "https://api.github.com/users/tmcw/received_events",
      "type": "User",
      "site_admin": false,
      "score": 1.0
    },
    {
      "login": "h2non",
      "id": 63402,
      "node_id": "MDQ6VXNlcjYzNDAy",
      "avatar_url": "https://avatars0.githubusercontent.com/u/63402?v=4",
      "gravatar_id": "",
      "url": "https://api.github.com/users/h2non",
      "html_url": "https://github.com/h2non",
      "followers_url": "https://api.github.com/users/h2non/followers",
      "following_url": "https://api.github.com/users/h2non/following{/other_user}",
      "gists_url": "https://api.github.com/users/h2non/gists{/gist_id}",
      "starred_url": "https://api.github.com/users/h2non/starred{/owner}{/repo}",
      "subscriptions_url": "https://api.github.com/users/h2non/subscriptions",
      "organizations_url": "https://api.github.com/users/h2non/orgs",
      "repos_url": "https://api.github.com/users/h2non/repos",
      "events_url": "https://api.github.com/users/h2non/events{/privacy}",
      "received_events_url": "https://api.github.com/users/h2non/received_events",
      "type": "User",
      "site_admin": false,
      "score": 1.0
    },
    {
      "login": "tmeasday",
      "id": 132554,
      "node_id": "MDQ6VXNlcjEzMjU1NA==",
      "avatar_url": "https://avatars1.githubusercontent.com/u/132554?v=4",
      "gravatar_id": "",
      "url": "https://api.github.com/users/tmeasday",
      "html_url": "https://github.com/tmeasday",
      "followers_url": "https://api.github.com/users/tmeasday/followers",
      "following_url": "https://api.github.com/users/tmeasday/following{/other_user}",
      "gists_url": "https://api.github.com/users/tmeasday/gists{/gist_id}",
      "starred_url": "https://api.github.com/users/tmeasday/starred{/owner}{/repo}",
      "subscriptions_url": "https://api.github.com/users/tmeasday/subscriptions",
      "organizations_url": "https://api.github.com/users/tmeasday/orgs",
      "repos_url": "https://api.github.com/users/tmeasday/repos",
      "events_url": "https://api.github.com/users/tmeasday/events{/privacy}",
      "received_events_url": "https://api.github.com/users/tmeasday/received_events",
      "type": "User",
      "site_admin": false,
      "score": 1.0
    },
    {
      "login": "tomnomnom",
      "id": 58276,
      "node_id": "MDQ6VXNlcjU4Mjc2",
      "avatar_url": "https://avatars1.githubusercontent.com/u/58276?v=4",
      "gravatar_id": "",
      "url": "https://api.github.com/users/tomnomnom",
      "html_url": "https://github.com/tomnomnom",
      "followers_url": "https://api.github.com/users/tomnomnom/followers",
      "following_url": "https://api.github.com/users/tomnomnom/following{/other_user}",
      "gists_url": "https://api.github.com/users/tomnomnom/gists{/gist_id}",
      "starred_url": "https://api.github.com/users/tomnomnom/starred{/owner}{/repo}",
      "subscriptions_url": "https://api.github.com/users/tomnomnom/subscriptions",
      "organizations_url": "https://api.github.com/users/tomnomnom/orgs",
      "repos_url": "https://api.github.com/users/tomnomnom/repos",
      "events_url": "https://api.github.com/users/tomnomnom/events{/privacy}",
      "received_events_url": "https://api.github.com/users/tomnomnom/received_events",
      "type": "User",
      "site_admin": false,
      "score": 1.0
    },
    {
      "login": "twilson63",
      "id": 21292,
      "node_id": "MDQ6VXNlcjIxMjky",
      "avatar_url": "https://avatars3.githubusercontent.com/u/21292?v=4",
      "gravatar_id": "",
      "url": "https://api.github.com/users/twilson63",
      "html_url": "https://github.com/twilson63",
      "followers_url": "https://api.github.com/users/twilson63/followers",
      "following_url": "https://api.github.com/users/twilson63/following{/other_user}",
      "gists_url": "https://api.github.com/users/twilson63/gists{/gist_id}",
      "starred_url": "https://api.github.com/users/twilson63/starred{/owner}{/repo}",
      "subscriptions_url": "https://api.github.com/users/twilson63/subscriptions",
      "organizations_url": "https://api.github.com/users/twilson63/orgs",
      "repos_url": "https://api.github.com/users/twilson63/repos",
      "events_url": "https://api.github.com/users/twilson63/events{/privacy}",
      "received_events_url": "https://api.github.com/users/twilson63/received_events",
      "type": "User",
      "site_admin": false,
      "score": 1.0
    },
    {
      "login": "tommcfarlin",
      "id": 132166,
      "node_id": "MDQ6VXNlcjEzMjE2Ng==",
      "avatar_url": "https://avatars0.githubusercontent.com/u/132166?v=4",
      "gravatar_id": "",
      "url": "https://api.github.com/users/tommcfarlin",
      "html_url": "https://github.com/tommcfarlin",
      "followers_url": "https://api.github.com/users/tommcfarlin/followers",
      "following_url": "https://api.github.com/users/tommcfarlin/following{/other_user}",
      "gists_url": "https://api.github.com/users/tommcfarlin/gists{/gist_id}",
      "starred_url": "https://api.github.com/users/tommcfarlin/starred{/owner}{/repo}",
      "subscriptions_url": "https://api.github.com/users/tommcfarlin/subscriptions",
      "organizations_url": "https://api.github.com/users/tommcfarlin/orgs",
      "repos_url": "https://api.github.com/users/tommcfarlin/repos",
      "events_url": "https://api.github.com/users/tommcfarlin/events{/privacy}",
      "received_events_url": "https://api.github.com/users/tommcfarlin/received_events",
      "type": "User",
      "site_admin": false,
      "score": 1.0
    },
    {
      "login": "tlrobinson",
      "id": 18193,
      "node_id": "MDQ6VXNlcjE4MTkz",
      "avatar_url": "https://avatars0.githubusercontent.com/u/18193?v=4",
      "gravatar_id": "",
      "url": "https://api.github.com/users/tlrobinson",
      "html_url": "https://github.com/tlrobinson",
      "followers_url": "https://api.github.com/users/tlrobinson/followers",
      "following_url": "https://api.github.com/users/tlrobinson/following{/other_user}",
      "gists_url": "https://api.github.com/users/tlrobinson/gists{/gist_id}",
      "starred_url": "https://api.github.com/users/tlrobinson/starred{/owner}{/repo}",
      "subscriptions_url": "https://api.github.com/users/tlrobinson/subscriptions",
      "organizations_url": "https://api.github.com/users/tlrobinson/orgs",
      "repos_url": "https://api.github.com/users/tlrobinson/repos",
      "events_url": "https://api.github.com/users/tlrobinson/events{/privacy}",
      "received_events_url": "https://api.github.com/users/tlrobinson/received_events",
      "type": "User",
      "site_admin": false,
      "score": 1.0
    },
    {
      "login": "tomdale",
      "id": 90888,
      "node_id": "MDQ6VXNlcjkwODg4",
      "avatar_url": "https://avatars2.githubusercontent.com/u/90888?v=4",
      "gravatar_id": "",
      "url": "https://api.github.com/users/tomdale",
      "html_url": "https://github.com/tomdale",
      "followers_url": "https://api.github.com/users/tomdale/followers",
      "following_url": "https://api.github.com/users/tomdale/following{/other_user}",
      "gists_url": "https://api.github.com/users/tomdale/gists{/gist_id}",
      "starred_url": "https://api.github.com/users/tomdale/starred{/owner}{/repo}",
      "subscriptions_url": "https://api.github.com/users/tomdale/subscriptions",
      "organizations_url": "https://api.github.com/users/tomdale/orgs",
      "repos_url": "https://api.github.com/users/tomdale/repos",
      "events_url": "https://api.github.com/users/tomdale/events{/privacy}",
      "received_events_url": "https://api.github.com/users/tomdale/received_events",
      "type": "User",
      "site_admin": false,
      "score": 1.0
    },
    {
      "login": "tommy351",
      "id": 411425,
      "node_id": "MDQ6VXNlcjQxMTQyNQ==",
      "avatar_url": "https://avatars0.githubusercontent.com/u/411425?v=4",
      "gravatar_id": "",
      "url": "https://api.github.com/users/tommy351",
      "html_url": "https://github.com/tommy351",
      "followers_url": "https://api.github.com/users/tommy351/followers",
      "following_url": "https://api.github.com/users/tommy351/following{/other_user}",
      "gists_url": "https://api.github.com/users/tommy351/gists{/gist_id}",
      "starred_url": "https://api.github.com/users/tommy351/starred{/owner}{/repo}",
      "subscriptions_url": "https://api.github.com/users/tommy351/subscriptions",
      "organizations_url": "https://api.github.com/users/tommy351/orgs",
      "repos_url": "https://api.github.com/users/tommy351/repos",
      "events_url": "https://api.github.com/users/tommy351/events{/privacy}",
      "received_events_url": "https://api.github.com/users/tommy351/received_events",
      "type": "User",
      "site_admin": false,
      "score": 1.0
    },
    {
      "login": "tomaka",
      "id": 1412254,
      "node_id": "MDQ6VXNlcjE0MTIyNTQ=",
      "avatar_url": "https://avatars1.githubusercontent.com/u/1412254?v=4",
      "gravatar_id": "",
      "url": "https://api.github.com/users/tomaka",
      "html_url": "https://github.com/tomaka",
      "followers_url": "https://api.github.com/users/tomaka/followers",
      "following_url": "https://api.github.com/users/tomaka/following{/other_user}",
      "gists_url": "https://api.github.com/users/tomaka/gists{/gist_id}",
      "starred_url": "https://api.github.com/users/tomaka/starred{/owner}{/repo}",
      "subscriptions_url": "https://api.github.com/users/tomaka/subscriptions",
      "organizations_url": "https://api.github.com/users/tomaka/orgs",
      "repos_url": "https://api.github.com/users/tomaka/repos",
      "events_url": "https://api.github.com/users/tomaka/events{/privacy}",
      "received_events_url": "https://api.github.com/users/tomaka/received_events",
      "type": "User",
      "site_admin": false,
      "score": 1.0
    },
    {
      "login": "tmbdev",
      "id": 333887,
      "node_id": "MDQ6VXNlcjMzMzg4Nw==",
      "avatar_url": "https://avatars0.githubusercontent.com/u/333887?v=4",
      "gravatar_id": "",
      "url": "https://api.github.com/users/tmbdev",
      "html_url": "https://github.com/tmbdev",
      "followers_url": "https://api.github.com/users/tmbdev/followers",
      "following_url": "https://api.github.com/users/tmbdev/following{/other_user}",
      "gists_url": "https://api.github.com/users/tmbdev/gists{/gist_id}",
      "starred_url": "https://api.github.com/users/tmbdev/starred{/owner}{/repo}",
      "subscriptions_url": "https://api.github.com/users/tmbdev/subscriptions",
      "organizations_url": "https://api.github.com/users/tmbdev/orgs",
      "repos_url": "https://api.github.com/users/tmbdev/repos",
      "events_url": "https://api.github.com/users/tmbdev/events{/privacy}",
      "received_events_url": "https://api.github.com/users/tmbdev/received_events",
      "type": "User",
      "site_admin": false,
      "score": 1.0
    },
    {
      "login": "Knio",
      "id": 83974,
      "node_id": "MDQ6VXNlcjgzOTc0",
      "avatar_url": "https://avatars2.githubusercontent.com/u/83974?v=4",
      "gravatar_id": "",
      "url": "https://api.github.com/users/Knio",
      "html_url": "https://github.com/Knio",
      "followers_url": "https://api.github.com/users/Knio/followers",
      "following_url": "https://api.github.com/users/Knio/following{/other_user}",
      "gists_url": "https://api.github.com/users/Knio/gists{/gist_id}",
      "starred_url": "https://api.github.com/users/Knio/starred{/owner}{/repo}",
      "subscriptions_url": "https://api.github.com/users/Knio/subscriptions",
      "organizations_url": "https://api.github.com/users/Knio/orgs",
      "repos_url": "https://api.github.com/users/Knio/repos",
      "events_url": "https://api.github.com/users/Knio/events{/privacy}",
      "received_events_url": "https://api.github.com/users/Knio/received_events",
      "type": "User",
      "site_admin": false,
      "score": 1.0
    },
    {
      "login": "TomAugspurger",
      "id": 1312546,
      "node_id": "MDQ6VXNlcjEzMTI1NDY=",
      "avatar_url": "https://avatars3.githubusercontent.com/u/1312546?v=4",
      "gravatar_id": "",
      "url": "https://api.github.com/users/TomAugspurger",
      "html_url": "https://github.com/TomAugspurger",
      "followers_url": "https://api.github.com/users/TomAugspurger/followers",
      "following_url": "https://api.github.com/users/TomAugspurger/following{/other_user}",
      "gists_url": "https://api.github.com/users/TomAugspurger/gists{/gist_id}",
      "starred_url": "https://api.github.com/users/TomAugspurger/starred{/owner}{/repo}",
      "subscriptions_url": "https://api.github.com/users/TomAugspurger/subscriptions",
      "organizations_url": "https://api.github.com/users/TomAugspurger/orgs",
      "repos_url": "https://api.github.com/users/TomAugspurger/repos",
      "events_url": "https://api.github.com/users/TomAugspurger/events{/privacy}",
      "received_events_url": "https://api.github.com/users/TomAugspurger/received_events",
      "type": "User",
      "site_admin": false,
      "score": 1.0
    },
    {
      "login": "tomwhite",
      "id": 85085,
      "node_id": "MDQ6VXNlcjg1MDg1",
      "avatar_url": "https://avatars3.githubusercontent.com/u/85085?v=4",
      "gravatar_id": "",
      "url": "https://api.github.com/users/tomwhite",
      "html_url": "https://github.com/tomwhite",
      "followers_url": "https://api.github.com/users/tomwhite/followers",
      "following_url": "https://api.github.com/users/tomwhite/following{/other_user}",
      "gists_url": "https://api.github.com/users/tomwhite/gists{/gist_id}",
      "starred_url": "https://api.github.com/users/tomwhite/starred{/owner}{/repo}",
      "subscriptions_url": "https://api.github.com/users/tomwhite/subscriptions",
      "organizations_url": "https://api.github.com/users/tomwhite/orgs",
      "repos_url": "https://api.github.com/users/tomwhite/repos",
      "events_url": "https://api.github.com/users/tomwhite/events{/privacy}",
      "received_events_url": "https://api.github.com/users/tomwhite/received_events",
      "type": "User",
      "site_admin": false,
      "score": 1.0
    },
    {
      "login": "tomchristie",
      "id": 647359,
      "node_id": "MDQ6VXNlcjY0NzM1OQ==",
      "avatar_url": "https://avatars2.githubusercontent.com/u/647359?v=4",
      "gravatar_id": "",
      "url": "https://api.github.com/users/tomchristie",
      "html_url": "https://github.com/tomchristie",
      "followers_url": "https://api.github.com/users/tomchristie/followers",
      "following_url": "https://api.github.com/users/tomchristie/following{/other_user}",
      "gists_url": "https://api.github.com/users/tomchristie/gists{/gist_id}",
      "starred_url": "https://api.github.com/users/tomchristie/starred{/owner}{/repo}",
      "subscriptions_url": "https://api.github.com/users/tomchristie/subscriptions",
      "organizations_url": "https://api.github.com/users/tomchristie/orgs",
      "repos_url": "https://api.github.com/users/tomchristie/repos",
      "events_url": "https://api.github.com/users/tomchristie/events{/privacy}",
      "received_events_url": "https://api.github.com/users/tomchristie/received_events",
      "type": "User",
      "site_admin": false,
      "score": 1.0
    },
    {
      "login": "tuananhhedspibk",
      "id": 15076665,
      "node_id": "MDQ6VXNlcjE1MDc2NjY1",
      "avatar_url": "https://avatars0.githubusercontent.com/u/15076665?v=4",
      "gravatar_id": "",
      "url": "https://api.github.com/users/tuananhhedspibk",
      "html_url": "https://github.com/tuananhhedspibk",
      "followers_url": "https://api.github.com/users/tuananhhedspibk/followers",
      "following_url": "https://api.github.com/users/tuananhhedspibk/following{/other_user}",
      "gists_url": "https://api.github.com/users/tuananhhedspibk/gists{/gist_id}",
      "starred_url": "https://api.github.com/users/tuananhhedspibk/starred{/owner}{/repo}",
      "subscriptions_url": "https://api.github.com/users/tuananhhedspibk/subscriptions",
      "organizations_url": "https://api.github.com/users/tuananhhedspibk/orgs",
      "repos_url": "https://api.github.com/users/tuananhhedspibk/repos",
      "events_url": "https://api.github.com/users/tuananhhedspibk/events{/privacy}",
      "received_events_url": "https://api.github.com/users/tuananhhedspibk/received_events",
      "type": "User",
      "site_admin": false,
      "score": 1.0
    },
    {
      "login": "nyx0",
      "id": 1841500,
      "node_id": "MDQ6VXNlcjE4NDE1MDA=",
      "avatar_url": "https://avatars2.githubusercontent.com/u/1841500?v=4",
      "gravatar_id": "",
      "url": "https://api.github.com/users/nyx0",
      "html_url": "https://github.com/nyx0",
      "followers_url": "https://api.github.com/users/nyx0/followers",
      "following_url": "https://api.github.com/users/nyx0/following{/other_user}",
      "gists_url": "https://api.github.com/users/nyx0/gists{/gist_id}",
      "starred_url": "https://api.github.com/users/nyx0/starred{/owner}{/repo}",
      "subscriptions_url": "https://api.github.com/users/nyx0/subscriptions",
      "organizations_url": "https://api.github.com/users/nyx0/orgs",
      "repos_url": "https://api.github.com/users/nyx0/repos",
      "events_url": "https://api.github.com/users/nyx0/events{/privacy}",
      "received_events_url": "https://api.github.com/users/nyx0/received_events",
      "type": "User",
      "site_admin": false,
      "score": 1.0
    },
    {
      "login": "TommyZihao",
      "id": 36354458,
      "node_id": "MDQ6VXNlcjM2MzU0NDU4",
      "avatar_url": "https://avatars0.githubusercontent.com/u/36354458?v=4",
      "gravatar_id": "",
      "url": "https://api.github.com/users/TommyZihao",
      "html_url": "https://github.com/TommyZihao",
      "followers_url": "https://api.github.com/users/TommyZihao/followers",
      "following_url": "https://api.github.com/users/TommyZihao/following{/other_user}",
      "gists_url": "https://api.github.com/users/TommyZihao/gists{/gist_id}",
      "starred_url": "https://api.github.com/users/TommyZihao/starred{/owner}{/repo}",
      "subscriptions_url": "https://api.github.com/users/TommyZihao/subscriptions",
      "organizations_url": "https://api.github.com/users/TommyZihao/orgs",
      "repos_url": "https://api.github.com/users/TommyZihao/repos",
      "events_url": "https://api.github.com/users/TommyZihao/events{/privacy}",
      "received_events_url": "https://api.github.com/users/TommyZihao/received_events",
      "type": "User",
      "site_admin": false,
      "score": 1.0
    },
    {
      "login": "TomasVotruba",
      "id": 924196,
      "node_id": "MDQ6VXNlcjkyNDE5Ng==",
      "avatar_url": "https://avatars1.githubusercontent.com/u/924196?v=4",
      "gravatar_id": "",
      "url": "https://api.github.com/users/TomasVotruba",
      "html_url": "https://github.com/TomasVotruba",
      "followers_url": "https://api.github.com/users/TomasVotruba/followers",
      "following_url": "https://api.github.com/users/TomasVotruba/following{/other_user}",
      "gists_url": "https://api.github.com/users/TomasVotruba/gists{/gist_id}",
      "starred_url": "https://api.github.com/users/TomasVotruba/starred{/owner}{/repo}",
      "subscriptions_url": "https://api.github.com/users/TomasVotruba/subscriptions",
      "organizations_url": "https://api.github.com/users/TomasVotruba/orgs",
      "repos_url": "https://api.github.com/users/TomasVotruba/repos",
      "events_url": "https://api.github.com/users/TomasVotruba/events{/privacy}",
      "received_events_url": "https://api.github.com/users/TomasVotruba/received_events",
      "type": "User",
      "site_admin": false,
      "score": 1.0
    },
    {
      "login": "fritexvz",
      "id": 4490792,
      "node_id": "MDQ6VXNlcjQ0OTA3OTI=",
      "avatar_url": "https://avatars2.githubusercontent.com/u/4490792?v=4",
      "gravatar_id": "",
      "url": "https://api.github.com/users/fritexvz",
      "html_url": "https://github.com/fritexvz",
      "followers_url": "https://api.github.com/users/fritexvz/followers",
      "following_url": "https://api.github.com/users/fritexvz/following{/other_user}",
      "gists_url": "https://api.github.com/users/fritexvz/gists{/gist_id}",
      "starred_url": "https://api.github.com/users/fritexvz/starred{/owner}{/repo}",
      "subscriptions_url": "https://api.github.com/users/fritexvz/subscriptions",
      "organizations_url": "https://api.github.com/users/fritexvz/orgs",
      "repos_url": "https://api.github.com/users/fritexvz/repos",
      "events_url": "https://api.github.com/users/fritexvz/events{/privacy}",
      "received_events_url": "https://api.github.com/users/fritexvz/received_events",
      "type": "User",
      "site_admin": false,
      "score": 1.0
    },
    {
      "login": "dribnet",
      "id": 945979,
      "node_id": "MDQ6VXNlcjk0NTk3OQ==",
      "avatar_url": "https://avatars3.githubusercontent.com/u/945979?v=4",
      "gravatar_id": "",
      "url": "https://api.github.com/users/dribnet",
      "html_url": "https://github.com/dribnet",
      "followers_url": "https://api.github.com/users/dribnet/followers",
      "following_url": "https://api.github.com/users/dribnet/following{/other_user}",
      "gists_url": "https://api.github.com/users/dribnet/gists{/gist_id}",
      "starred_url": "https://api.github.com/users/dribnet/starred{/owner}{/repo}",
      "subscriptions_url": "https://api.github.com/users/dribnet/subscriptions",
      "organizations_url": "https://api.github.com/users/dribnet/orgs",
      "repos_url": "https://api.github.com/users/dribnet/repos",
      "events_url": "https://api.github.com/users/dribnet/events{/privacy}",
      "received_events_url": "https://api.github.com/users/dribnet/received_events",
      "type": "User",
      "site_admin": false,
      "score": 1.0
    },
    {
      "login": "tommoor",
      "id": 380914,
      "node_id": "MDQ6VXNlcjM4MDkxNA==",
      "avatar_url": "https://avatars2.githubusercontent.com/u/380914?v=4",
      "gravatar_id": "",
      "url": "https://api.github.com/users/tommoor",
      "html_url": "https://github.com/tommoor",
      "followers_url": "https://api.github.com/users/tommoor/followers",
      "following_url": "https://api.github.com/users/tommoor/following{/other_user}",
      "gists_url": "https://api.github.com/users/tommoor/gists{/gist_id}",
      "starred_url": "https://api.github.com/users/tommoor/starred{/owner}{/repo}",
      "subscriptions_url": "https://api.github.com/users/tommoor/subscriptions",
      "organizations_url": "https://api.github.com/users/tommoor/orgs",
      "repos_url": "https://api.github.com/users/tommoor/repos",
      "events_url": "https://api.github.com/users/tommoor/events{/privacy}",
      "received_events_url": "https://api.github.com/users/tommoor/received_events",
      "type": "User",
      "site_admin": false,
      "score": 1.0
    },
    {
      "login": "tomduncalf",
      "id": 5458070,
      "node_id": "MDQ6VXNlcjU0NTgwNzA=",
      "avatar_url": "https://avatars1.githubusercontent.com/u/5458070?v=4",
      "gravatar_id": "",
      "url": "https://api.github.com/users/tomduncalf",
      "html_url": "https://github.com/tomduncalf",
      "followers_url": "https://api.github.com/users/tomduncalf/followers",
      "following_url": "https://api.github.com/users/tomduncalf/following{/other_user}",
      "gists_url": "https://api.github.com/users/tomduncalf/gists{/gist_id}",
      "starred_url": "https://api.github.com/users/tomduncalf/starred{/owner}{/repo}",
      "subscriptions_url": "https://api.github.com/users/tomduncalf/subscriptions",
      "organizations_url": "https://api.github.com/users/tomduncalf/orgs",
      "repos_url": "https://api.github.com/users/tomduncalf/repos",
      "events_url": "https://api.github.com/users/tomduncalf/events{/privacy}",
      "received_events_url": "https://api.github.com/users/tomduncalf/received_events",
      "type": "User",
      "site_admin": false,
      "score": 1.0
    },
    {
      "login": "tommorris",
      "id": 175,
      "node_id": "MDQ6VXNlcjE3NQ==",
      "avatar_url": "https://avatars0.githubusercontent.com/u/175?v=4",
      "gravatar_id": "",
      "url": "https://api.github.com/users/tommorris",
      "html_url": "https://github.com/tommorris",
      "followers_url": "https://api.github.com/users/tommorris/followers",
      "following_url": "https://api.github.com/users/tommorris/following{/other_user}",
      "gists_url": "https://api.github.com/users/tommorris/gists{/gist_id}",
      "starred_url": "https://api.github.com/users/tommorris/starred{/owner}{/repo}",
      "subscriptions_url": "https://api.github.com/users/tommorris/subscriptions",
      "organizations_url": "https://api.github.com/users/tommorris/orgs",
      "repos_url": "https://api.github.com/users/tommorris/repos",
      "events_url": "https://api.github.com/users/tommorris/events{/privacy}",
      "received_events_url": "https://api.github.com/users/tommorris/received_events",
      "type": "User",
      "site_admin": false,
      "score": 1.0
    },
    {
      "login": "tomastrajan",
      "id": 3764868,
      "node_id": "MDQ6VXNlcjM3NjQ4Njg=",
      "avatar_url": "https://avatars0.githubusercontent.com/u/3764868?v=4",
      "gravatar_id": "",
      "url": "https://api.github.com/users/tomastrajan",
      "html_url": "https://github.com/tomastrajan",
      "followers_url": "https://api.github.com/users/tomastrajan/followers",
      "following_url": "https://api.github.com/users/tomastrajan/following{/other_user}",
      "gists_url": "https://api.github.com/users/tomastrajan/gists{/gist_id}",
      "starred_url": "https://api.github.com/users/tomastrajan/starred{/owner}{/repo}",
      "subscriptions_url": "https://api.github.com/users/tomastrajan/subscriptions",
      "organizations_url": "https://api.github.com/users/tomastrajan/orgs",
      "repos_url": "https://api.github.com/users/tomastrajan/repos",
      "events_url": "https://api.github.com/users/tomastrajan/events{/privacy}",
      "received_events_url": "https://api.github.com/users/tomastrajan/received_events",
      "type": "User",
      "site_admin": false,
      "score": 1.0
    },
    {
      "login": "tmbo",
      "id": 1098412,
      "node_id": "MDQ6VXNlcjEwOTg0MTI=",
      "avatar_url": "https://avatars3.githubusercontent.com/u/1098412?v=4",
      "gravatar_id": "",
      "url": "https://api.github.com/users/tmbo",
      "html_url": "https://github.com/tmbo",
      "followers_url": "https://api.github.com/users/tmbo/followers",
      "following_url": "https://api.github.com/users/tmbo/following{/other_user}",
      "gists_url": "https://api.github.com/users/tmbo/gists{/gist_id}",
      "starred_url": "https://api.github.com/users/tmbo/starred{/owner}{/repo}",
      "subscriptions_url": "https://api.github.com/users/tmbo/subscriptions",
      "organizations_url": "https://api.github.com/users/tmbo/orgs",
      "repos_url": "https://api.github.com/users/tmbo/repos",
      "events_url": "https://api.github.com/users/tmbo/events{/privacy}",
      "received_events_url": "https://api.github.com/users/tmbo/received_events",
      "type": "User",
      "site_admin": false,
      "score": 1.0
    },
    {
      "login": "tombh",
      "id": 160835,
      "node_id": "MDQ6VXNlcjE2MDgzNQ==",
      "avatar_url": "https://avatars2.githubusercontent.com/u/160835?v=4",
      "gravatar_id": "",
      "url": "https://api.github.com/users/tombh",
      "html_url": "https://github.com/tombh",
      "followers_url": "https://api.github.com/users/tombh/followers",
      "following_url": "https://api.github.com/users/tombh/following{/other_user}",
      "gists_url": "https://api.github.com/users/tombh/gists{/gist_id}",
      "starred_url": "https://api.github.com/users/tombh/starred{/owner}{/repo}",
      "subscriptions_url": "https://api.github.com/users/tombh/subscriptions",
      "organizations_url": "https://api.github.com/users/tombh/orgs",
      "repos_url": "https://api.github.com/users/tombh/repos",
      "events_url": "https://api.github.com/users/tombh/events{/privacy}",
      "received_events_url": "https://api.github.com/users/tombh/received_events",
      "type": "User",
      "site_admin": false,
      "score": 1.0
    },
    {
      "login": "tomstuart",
      "id": 3192,
      "node_id": "MDQ6VXNlcjMxOTI=",
      "avatar_url": "https://avatars2.githubusercontent.com/u/3192?v=4",
      "gravatar_id": "",
      "url": "https://api.github.com/users/tomstuart",
      "html_url": "https://github.com/tomstuart",
      "followers_url": "https://api.github.com/users/tomstuart/followers",
      "following_url": "https://api.github.com/users/tomstuart/following{/other_user}",
      "gists_url": "https://api.github.com/users/tomstuart/gists{/gist_id}",
      "starred_url": "https://api.github.com/users/tomstuart/starred{/owner}{/repo}",
      "subscriptions_url": "https://api.github.com/users/tomstuart/subscriptions",
      "organizations_url": "https://api.github.com/users/tomstuart/orgs",
      "repos_url": "https://api.github.com/users/tomstuart/repos",
      "events_url": "https://api.github.com/users/tomstuart/events{/privacy}",
      "received_events_url": "https://api.github.com/users/tomstuart/received_events",
      "type": "User",
      "site_admin": false,
      "score": 1.0
    }
  ]
}
